{"site": "MLA", "item_id": 849015677, "id": "MLA849015677", "price": 1900, "start_time": "2020-04-13T21:30:33.000Z", "category_id": "MLA31419", "currency_id": "ARS", "seller_id": 71444313, "name": "Pijamas", "description": "Peso argentino"}
{"site": "MLA", "item_id": 835239707, "id": "MLA835239707", "price": 11913.51, "start_time": "2020-01-20T16:55:19.000Z", "category_id": "MLA373307", "currency_id": "ARS", "seller_id": 230503583, "name": "Tensores Poly V", "description": "Peso argentino"}
{"site": "MLA", "item_id": 742439189, "id": "MLA742439189", "price": 999, "start_time": "2018-08-11T01:28:43.000Z", "category_id": "MLA14560", "currency_id": "ARS", "seller_id": 175079222, "name": "Otros", "description": "Peso argentino"}
{"site": "MLA", "item_id": 716231721, "id": "MLA716231721", "price": 238.05, "start_time": "2018-04-02T20:19:30.000Z", "category_id": "MLA412445", "currency_id": "ARS", "seller_id": 69430095, "name": "Libros F\u00edsicos", "description": "Peso argentino"}
{"site": "MLA", "item_id": 609500365, "id": "MLA609500365", "price": 224549.48, "start_time": "2016-03-05T10:03:51.000Z", "category_id": "MLA91746", "currency_id": "ARS", "seller_id": 2680139, "name": "Mixers de DJs", "description": "Peso argentino"}
{"site": "MLA", "item_id": 655915616, "id": "MLA655915616", "processing_error": true}
{"site": "MLA", "item_id": 707302182, "id": "MLA707302182", "price": 694.81, "start_time": "2018-02-12T13:43:00.000Z", "category_id": "MLA10512", "currency_id": "ARS", "seller_id": 32364694, "name": "Entradas de Colecci\u00f3n", "description": "Peso argentino"}
{"site": "MLA", "item_id": 723145127, "id": "MLA723145127", "processing_error": true}
{"site": "MLA", "item_id": 782750723, "id": "MLA782750723", "price": 5025.9, "start_time": "2019-04-22T19:31:15.000Z", "category_id": "MLA4283", "currency_id": "ARS", "seller_id": 63443205, "name": "Reeles", "description": "Peso argentino"}
{"site": "MLA", "item_id": 814323864, "id": "MLA814323864", "price": 2339.83, "start_time": "2019-09-12T03:01:57.000Z", "category_id": "MLA86006", "currency_id": "ARS", "seller_id": 205167706, "name": "Filtros de Nafta", "description": "Peso argentino"}
{"site": "MLA", "item_id": 609255349, "id": "MLA609255349", "price": 1555, "start_time": "2016-03-04T02:25:17.000Z", "category_id": "MLA37750", "currency_id": "ARS", "seller_id": 96372774, "name": "Cajas", "description": "Peso argentino"}
{"site": "MLA", "item_id": 851082070, "id": "MLA851082070", "price": 5600, "start_time": "2020-04-23T17:41:37.000Z", "category_id": "MLA7141", "currency_id": "ARS", "seller_id": 7428978, "name": "Puertas", "description": "Peso argentino"}
{"site": "MLA", "item_id": 807605068, "id": "MLA807605068", "price": 100000, "start_time": "2019-08-10T16:02:44.000Z", "category_id": "MLA14559", "currency_id": "ARS", "seller_id": 420941663, "name": "Porcelanatos", "description": "Peso argentino"}
{"site": "MLA", "item_id": 750925229, "id": "MLA750925229", "price": 654.04, "start_time": "2018-10-01T22:31:56.000Z", "category_id": "MLA418285", "currency_id": "ARS", "seller_id": 59284503, "name": "Masas y Plastilina", "description": "Peso argentino"}
{"site": "MLA", "item_id": 785849983, "id": "MLA785849983", "price": 4790, "start_time": "2019-05-11T12:14:54.000Z", "category_id": "MLA412445", "currency_id": "ARS", "seller_id": 425971913, "name": "Libros F\u00edsicos", "description": "Peso argentino"}
{"site": "MLA", "item_id": 823408605, "id": "MLA823408605", "price": 72977, "start_time": "2019-11-04T03:45:50.000Z", "category_id": "MLA412445", "currency_id": "ARS", "seller_id": 385635403, "name": "Libros F\u00edsicos", "description": "Peso argentino"}
{"site": "MLA", "item_id": 786805209, "id": "MLA786805209", "price": 29073, "start_time": "2019-05-16T14:16:20.000Z", "category_id": "MLA1227", "currency_id": "ARS", "seller_id": 10119554, "name": "Otros", "description": "Peso argentino"}
{"site": "MLA", "item_id": 617061280, "id": "MLA617061280", "price": 700, "start_time": "2016-04-18T21:08:51.000Z", "category_id": "MLA412445", "currency_id": "ARS", "seller_id": 64847244, "name": "Libros F\u00edsicos", "description": "Peso argentino"}
{"site": "MLA", "item_id": 737212415, "id": "MLA737212415", "price": 3090, "start_time": "2018-07-14T12:25:10.000Z", "category_id": "MLA1227", "currency_id": "ARS", "seller_id": 211371201, "name": "Otros", "description": "Peso argentino"}
{"site": "MLA", "item_id": 843860595, "id": "MLA843860595", "start_time": "2020-03-14T19:43:53.000Z", "category_id": "MLA13508", "seller_id": 535561501, "name": "Pel\u00edculas", "processing_error": true}
{"site": "MLA", "item_id": 847809606, "id": "MLA847809606", "price": 6979, "start_time": "2020-04-07T18:06:16.000Z", "category_id": "MLA412445", "currency_id": "ARS", "seller_id": 385635403, "name": "Libros F\u00edsicos", "description": "Peso argentino"}
{"site": "MLA", "item_id": 737829195, "id": "MLA737829195", "start_time": "2018-07-17T16:38:12.000Z", "category_id": "MLA412445", "seller_id": 68140065, "name": "Libros F\u00edsicos", "processing_error": true}
{"site": "MLA", "item_id": 817422311, "id": "MLA817422311", "price": 55998.99, "start_time": "2019-09-30T17:00:26.000Z", "category_id": "MLA398582", "currency_id": "ARS", "seller_id": 90205574, "name": "Heladeras", "description": "Peso argentino"}
{"site": "MLA", "item_id": 630239658, "id": "MLA630239658", "price": 7999, "start_time": "2016-08-05T15:45:50.000Z", "category_id": "MLA9916", "currency_id": "ARS", "seller_id": 58896557, "name": "Teclados", "description": "Peso argentino"}
{"site": "MLA", "item_id": 770008682, "id": "MLA770008682", "price": 2732.4, "start_time": "2019-02-07T14:09:11.000Z", "category_id": "MLA85998", "currency_id": "ARS", "seller_id": 361783656, "name": "Cables de Buj\u00eda", "description": "Peso argentino"}
{"site": "MLA", "item_id": 603924637, "id": "MLA603924637", "processing_error": true}
{"site": "MLA", "item_id": 845906811, "id": "MLA845906811", "start_time": "2020-03-28T20:32:03.000Z", "category_id": "MLA447221", "seller_id": 41313508, "name": "Kits de Direcci\u00f3n Hidr\u00e1ulica", "processing_error": true}
{"site": "MLA", "item_id": 848355425, "id": "MLA848355425", "price": 4000, "start_time": "2020-04-10T12:55:09.000Z", "category_id": "MLA405113", "currency_id": "ARS", "seller_id": 5551562, "name": "Otros", "description": "Peso argentino"}
{"site": "MLA", "item_id": 725116438, "id": "MLA725116438", "price": 1690, "start_time": "2018-05-15T09:21:40.000Z", "category_id": "MLA431678", "currency_id": "ARS", "seller_id": 81077728, "name": "Piedras Preciosas", "description": "Peso argentino"}
{"site": "MLA", "item_id": 840423199, "id": "MLA840423199", "price": 19310.08, "start_time": "2020-02-21T19:50:03.000Z", "category_id": "MLA60597", "currency_id": "ARS", "seller_id": 50822035, "name": "Otros", "description": "Peso argentino"}
{"site": "MLA", "item_id": 799677426, "id": "MLA799677426", "price": 1000000, "start_time": "2019-07-12T19:09:08.000Z", "category_id": "MLA412445", "currency_id": "ARS", "seller_id": 10119554, "name": "Libros F\u00edsicos", "description": "Peso argentino"}
{"site": "MLA", "item_id": 806700707, "id": "MLA806700707", "price": 6288, "start_time": "2019-08-07T22:26:40.000Z", "category_id": "MLA1227", "currency_id": "ARS", "seller_id": 10119554, "name": "Otros", "description": "Peso argentino"}
{"site": "MLA", "item_id": 806707270, "id": "MLA806707270", "price": 3000, "start_time": "2019-08-07T23:00:42.000Z", "category_id": "MLA1227", "currency_id": "ARS", "seller_id": 10119554, "name": "Otros", "description": "Peso argentino"}
{"site": "MLA", "item_id": 851879971, "id": "MLA851879971", "start_time": "2020-04-27T23:37:33.000Z", "category_id": "MLA3725", "seller_id": 355632832, "name": "Cintas para Correr", "processing_error": true}
{"site": "MLA", "item_id": 673642046, "id": "MLA673642046", "price": 301553.69, "start_time": "2017-07-07T22:18:07.000Z", "category_id": "MLA26960", "currency_id": "ARS", "seller_id": 152460635, "name": "Pianos Digitales", "description": "Peso argentino"}
{"site": "MLA", "item_id": 806113846, "id": "MLA806113846", "price": 6565, "start_time": "2019-08-05T23:59:10.000Z", "category_id": "MLA1227", "currency_id": "ARS", "seller_id": 10119554, "name": "Otros", "description": "Peso argentino"}
{"site": "MLA", "item_id": 693105237, "id": "MLA693105237", "processing_error": true}
{"site": "MLA", "item_id": 819745375, "id": "MLA819745375", "start_time": "2019-10-14T06:36:29.000Z", "category_id": "MLA373840", "seller_id": 479698596, "name": "Videojuegos", "processing_error": true}
{"site": "MLA", "item_id": 664384760, "id": "MLA664384760", "start_time": "2017-05-01T03:42:31.000Z", "category_id": "MLA6569", "seller_id": 245284051, "name": "Otros", "processing_error": true}
{"site": "MLA", "item_id": 848479382, "id": "MLA848479382", "price": 52366, "start_time": "2020-04-10T23:23:52.000Z", "category_id": "MLA412445", "currency_id": "ARS", "seller_id": 385635403, "name": "Libros F\u00edsicos", "description": "Peso argentino"}
{"site": "MLA", "item_id": 715991583, "id": "MLA715991583", "processing_error": true}
{"site": "MLA", "item_id": 724839805, "id": "MLA724839805", "start_time": "2018-05-14T02:39:40.000Z", "category_id": "MLA1227", "seller_id": 321284935, "name": "Otros", "processing_error": true}
{"site": "MLA", "item_id": 808817242, "id": "MLA808817242", "price": 239, "start_time": "2019-08-14T16:22:32.000Z", "category_id": "MLA1087", "currency_id": "ARS", "seller_id": 457264340, "name": "Alimento", "description": "Peso argentino"}
{"site": "MLA", "item_id": 845041373, "id": "MLA845041373", "price": 2900, "start_time": "2020-03-22T21:27:57.000Z", "category_id": "MLA420226", "currency_id": "ARS", "seller_id": 78528152, "name": "Displays y LCD", "description": "Peso argentino"}
{"site": "MLA", "item_id": 840506533, "id": "MLA840506533", "price": 4694.86, "start_time": "2020-02-22T05:15:27.000Z", "category_id": "MLA61182", "currency_id": "ARS", "seller_id": 505995291, "name": "Filtros de Aire", "description": "Peso argentino"}
{"site": "MLA", "item_id": 828617220, "id": "MLA828617220", "price": 7250, "start_time": "2019-12-03T18:41:21.000Z", "category_id": "MLA412445", "currency_id": "ARS", "seller_id": 186616505, "name": "Libros F\u00edsicos", "description": "Peso argentino"}
{"site": "MLA", "item_id": 686162926, "id": "MLA686162926", "price": 2000, "start_time": "2017-10-04T15:44:45.000Z", "category_id": "MLA1635", "currency_id": "ARS", "seller_id": 234545510, "name": "Cuadros", "description": "Peso argentino"}
{"site": "MLA", "item_id": 827595664, "id": "MLA827595664", "price": 5386.19, "start_time": "2019-11-27T16:54:58.000Z", "category_id": "MLA371926", "currency_id": "ARS", "seller_id": 316512256, "name": "Ca\u00f1os Portasilla", "description": "Peso argentino"}
{"site": "MLA", "item_id": 830371755, "id": "MLA830371755", "price": 38000, "start_time": "2019-12-15T17:07:22.000Z", "category_id": "MLA6569", "currency_id": "ARS", "seller_id": 93931622, "name": "Otros", "description": "Peso argentino"}
